"Address","Occurrences","Indexability","Indexability Status","Canonical Link Element 1","HTTP Canonical","Meta Robots 1","X-Robots-Tag 1","rel=""next"" 1","rel=""prev"" 1","HTTP rel=""next"" 1","HTTP rel=""prev"" 1"
"https://nmgtechnologies.com/blog/tag/events","0","Indexable","","","","","","https://nmgtechnologies.com/blog/tag/events/page/2","","",""
"https://nmgtechnologies.com/blog","0","Indexable","","","","","","https://nmgtechnologies.com/blog/page/2","","",""
"https://nmgtechnologies.com/blog/author/nishtha","0","Indexable","","","","","","https://nmgtechnologies.com/blog/author/nishtha/page/2","","",""
"https://nmgtechnologies.com/blog/tag/featured","0","Indexable","","","","","","https://nmgtechnologies.com/blog/tag/featured/page/2","","",""
"https://nmgtechnologies.com/blog/tag/technology","0","Indexable","","","","","","","","",""
"https://nmgtechnologies.com/blog/tag/web","0","Indexable","","","","","","","","",""
"https://nmgtechnologies.com/blog/tag/design","0","Indexable","","","","","","","","",""
"https://nmgtechnologies.com/blog/tag/outsourcing","0","Indexable","","","","","","","","",""
"https://nmgtechnologies.com/blog/tag/growth","0","Indexable","","","","","","https://nmgtechnologies.com/blog/tag/growth/page/2","","",""
"https://nmgtechnologies.com/blog/tag/mobile","0","Indexable","","","","","","","","",""
"https://nmgtechnologies.com/blog/tag/marketing","0","Indexable","","","","","","","","",""
"https://nmgtechnologies.com/blog/tag/search-engine-optimization","0","Indexable","","","","","","","","",""
"https://nmgtechnologies.com/blog/tag/events/page/2","0","Indexable","","","","","","","https://nmgtechnologies.com/blog/tag/events/page/1","",""
