"Address","Word Count","Sentence Count","Average Words Per Sentence","Flesch Reading Ease Score","Readability","Indexability","Indexability Status"
"https://nmgtechnologies.com/services/mobile-application-development/enterprise-mobility/","1731","278","6.227","40.894","Hard","Indexable",""
"https://nmgtechnologies.com/wordpress-development","1814","300","6.047","41.665","Hard","Indexable",""
"https://nmgtechnologies.com/solution/portals/","1792","298","6.013","39.038","Hard","Indexable",""
"https://nmgtechnologies.com/solution/fintech/","1879","310","6.061","35.580","Hard","Indexable",""
"https://nmgtechnologies.com/services/web-development","2617","424","6.172","35.120","Hard","Indexable",""
"https://nmgtechnologies.com/solution/artificial-intelligence/","1635","276","5.924","39.539","Hard","Indexable",""
"https://nmgtechnologies.com/ai-machine-learning-solutions","1265","207","6.111","31.031","Hard","Indexable",""
"https://nmgtechnologies.com/solution/cloud-apps/","1760","299","5.886","35.746","Hard","Indexable",""
"https://nmgtechnologies.com/services/mobile-application-development/android-app-development","2468","398","6.201","45.635","Hard","Indexable",""
"https://nmgtechnologies.com/services/dedicated-team-setups/","2302","375","6.139","45.517","Hard","Indexable",""
"https://nmgtechnologies.com/industry/travel","2110","359","5.877","33.073","Hard","Indexable",""
"https://nmgtechnologies.com/services/mobile-application-development/ios-app-development/","2087","321","6.502","43.481","Hard","Indexable",""
"https://nmgtechnologies.com/ai-enhanced-web-mobile-application-development","1183","222","5.329","30.295","Hard","Indexable",""
"https://nmgtechnologies.com/services/shopify","2313","387","5.977","37.494","Hard","Indexable",""
"https://nmgtechnologies.com/services/custom-software-development/php-development/","2174","347","6.265","43.612","Hard","Indexable",""
"https://nmgtechnologies.com/company/careers/","4091","628","6.514","49.242","Hard","Indexable",""
"https://nmgtechnologies.com/company/process/","589","87","6.770","44.839","Hard","Indexable",""
"https://nmgtechnologies.com/services/ecommerce-development/magento-development/","2395","392","6.110","37.297","Hard","Indexable",""
"https://nmgtechnologies.com/services/it-consulting/","3714","604","6.149","31.485","Hard","Indexable",""
"https://nmgtechnologies.com/agentic-ai","1099","189","5.815","41.047","Hard","Indexable",""
"https://nmgtechnologies.com/services/ecommerce-development/","1950","327","5.963","36.745","Hard","Indexable",""
"https://nmgtechnologies.com/services/custom-software-development/saas-development/","1592","259","6.147","37.560","Hard","Indexable",""
"https://nmgtechnologies.com/ai-strategy-implementation-consulting","1304","215","6.065","32.257","Hard","Indexable",""
"https://nmgtechnologies.com/services/erp-development","2516","414","6.077","31.601","Hard","Indexable",""
"https://nmgtechnologies.com/industry/healthcare","2226","387","5.752","38.258","Hard","Indexable",""
"https://nmgtechnologies.com/solution/blockchain","1871","318","5.884","35.959","Hard","Indexable",""
"https://nmgtechnologies.com/blog/why-does-enterprise-mobility-solutions-become-so-popular","2827","401","7.050","48.824","Hard","Indexable",""
"https://nmgtechnologies.com/services/custom-software-development/","4037","632","6.388","40.540","Hard","Indexable",""
"https://nmgtechnologies.com/industry/staffing","1962","318","6.170","37.064","Hard","Indexable",""
"https://nmgtechnologies.com/services/crm-development","2572","427","6.023","42.935","Hard","Indexable",""
"https://nmgtechnologies.com/services/mobile-application-development","2498","404","6.183","42.942","Hard","Indexable",""
"https://nmgtechnologies.com/services/user-interface-design/","1800","294","6.122","46.320","Hard","Indexable",""
"https://nmgtechnologies.com/company/promise/","366","57","6.421","35.741","Hard","Indexable",""
"https://nmgtechnologies.com/services/mobile-application-development/tablet-app-development/","1854","290","6.393","44.288","Hard","Indexable",""
"https://nmgtechnologies.com/services/user-interface-design/mobile-design/","1686","282","5.979","43.409","Hard","Indexable",""
"https://nmgtechnologies.com/company/outsourcing/","785","112","7.009","49.704","Hard","Indexable",""
"https://nmgtechnologies.com/solution/augmented-reality/","2903","452","6.423","38.460","Hard","Indexable",""
"https://nmgtechnologies.com/services/user-interface-design/web-design/","1934","321","6.025","45.211","Hard","Indexable",""
"https://nmgtechnologies.com/services/custom-software-development/aspnet-development/","2641","500","5.282","41.307","Hard","Indexable",""
"https://nmgtechnologies.com/work/web/","972","189","5.143","48.082","Hard","Indexable",""
"https://nmgtechnologies.com/blog/nmg-technologies-to-participate-in-retail-innovation-conference-and-expo-2023-in-chicago","675","102","6.618","45.958","Hard","Indexable",""
"https://nmgtechnologies.com/success-stories/compound-banc","1111","168","6.613","30.847","Hard","Indexable",""
