"Address","Word Count","Indexability","Indexability Status"
"https://nmgtechnologies.com/company/about-us","199","Indexable",""
"https://nmgtechnologies.com/get-custom-pricing","116","Indexable",""
"https://nmgtechnologies.com/sitemap","138","Indexable",""
"https://nmgtechnologies.com/contact-us","53","Indexable",""
"https://nmgtechnologies.com/success-stories","58","Indexable",""
"https://nmgtechnologies.com/blog/tag/outsourcing","136","Indexable",""
"https://nmgtechnologies.com/blog/tag/mobile","147","Indexable",""
"https://nmgtechnologies.com/blog/tag/marketing","179","Indexable",""
"https://nmgtechnologies.com/blog/tag/search-engine-optimization","90","Indexable",""
"https://nmgtechnologies.com/blog/tag/events/page/2","115","Indexable",""
