"Address","Occurrences","H2-1","H2-1 Length","H2-2","H2-2 Length","Indexability","Indexability Status"
"https://nmgtechnologies.com/","2","","0","Our Blog","8","Indexable",""
"https://nmgtechnologies.com/blog/nmg-technologies-to-participate-in-mobile-word-capital-barcelona-the-worlds-largest-and-most-influential-connectivity-event","1","Similar posts","13","","0","Indexable",""
"https://nmgtechnologies.com/blog/nmg-to-participate-in-the-largest-tech-expo-in-the-middle-east-gitex-global-2023-dubai","1","Similar posts","13","","0","Indexable",""
"https://nmgtechnologies.com/blog/nmg-technologies-participated-in-softwave-2023-the-republic-of-korea-software-exhibition","1","Similar posts","13","","0","Indexable",""
"https://nmgtechnologies.com/blog/why-does-enterprise-mobility-solutions-become-so-popular","11","Business Mobility is the future","31","Enterprise Mobility Management","30","Indexable",""
"https://nmgtechnologies.com/blog/stay-ahead-of-the-game-with-koora-break-your-ultimate-companion-for-football-updates","1","Similar posts","13","","0","Indexable",""
"https://nmgtechnologies.com/resources/library/mobile-app-development-guide","9","Mobile Application","18","Mobile App Development","22","Indexable",""
"https://nmgtechnologies.com/blog/nmg-to-participate-in-the-largest-tech-expo-in-the-middle-east-gitex-global-2022-dubai","1","Similar posts","13","","0","Indexable",""
"https://nmgtechnologies.com/blog/nmg-technologies-to-participate-in-retail-innovation-conference-and-expo-2023-in-chicago","2","About NMG Technologies","22","Similar posts","13","Indexable",""
"https://nmgtechnologies.com/blog/nmg-technologies-to-sponsor-and-exhibit-at-brighton-seo-2023-and-online-pr-show-2023","1","Similar posts","13","","0","Indexable",""
"https://nmgtechnologies.com/blog/nmg-technologies-to-participate-in-leap-2023-tech-conference-in-riyadh-saudi-arabia","1","Similar posts","13","","0","Indexable",""
"https://nmgtechnologies.com/clients/case-studies/","2","","0","","0","Indexable",""
"https://nmgtechnologies.com/success-stories/atlys-case-study","2","How Atlys Gained Over 100K+ Mobile App Downloads & 334K Organic Clicks with NMG's Software Development, SEO, App Store Optimization & Link-Building Strategies","158","","0","Indexable",""
