"Source","Destination","Alt Text"
"https://nmgtechnologies.com/blog","https://nmgtechnologies.com/hubfs/koora-break-banner.png",""
"https://nmgtechnologies.com/blog/tag/mobile","https://nmgtechnologies.com/hubfs/koora-break-banner.png",""
"https://nmgtechnologies.com/blog/tag/events","https://nmgtechnologies.com/hubfs/softwave-banner-blog.jpg",""
"https://nmgtechnologies.com/blog","https://nmgtechnologies.com/hubfs/softwave-banner-blog.jpg",""
"https://nmgtechnologies.com/blog/author/nishtha","https://nmgtechnologies.com/hubfs/softwave-banner-blog.jpg",""
"https://nmgtechnologies.com/blog/tag/events","https://nmgtechnologies.com/hubfs/mwc-blog.jpg",""
"https://nmgtechnologies.com/blog","https://nmgtechnologies.com/hubfs/mwc-blog.jpg",""
"https://nmgtechnologies.com/blog/author/nishtha","https://nmgtechnologies.com/hubfs/mwc-blog.jpg",""
"https://nmgtechnologies.com/blog/tag/events","https://nmgtechnologies.com/hubfs/MicrosoftTeams-image%20(82).png",""
"https://nmgtechnologies.com/blog","https://nmgtechnologies.com/hubfs/MicrosoftTeams-image%20(82).png",""
"https://nmgtechnologies.com/blog/author/nishtha","https://nmgtechnologies.com/hubfs/MicrosoftTeams-image%20(82).png",""
"https://nmgtechnologies.com/blog/tag/events","https://nmgtechnologies.com/hubfs/Startup-India-Event-2016-–-Key-Highlights_.jpg",""
"https://nmgtechnologies.com/blog/tag/events","https://nmgtechnologies.com/hubfs/SEMPO-Hangouts-Session-–-Web-Design-and-User-Experience.png",""
"https://nmgtechnologies.com/blog/tag/events","https://nmgtechnologies.com/hubfs/retail-innovation-1.png",""
"https://nmgtechnologies.com/blog","https://nmgtechnologies.com/hubfs/retail-innovation-1.png",""
"https://nmgtechnologies.com/blog/author/nishtha","https://nmgtechnologies.com/hubfs/retail-innovation-1.png",""
"https://nmgtechnologies.com/blog/tag/events","https://nmgtechnologies.com/hubfs/leap-2023.jpg",""
"https://nmgtechnologies.com/blog","https://nmgtechnologies.com/hubfs/leap-2023.jpg",""
"https://nmgtechnologies.com/blog/author/nishtha","https://nmgtechnologies.com/hubfs/leap-2023.jpg",""
"https://nmgtechnologies.com/blog/tag/events","https://nmgtechnologies.com/hubfs/hero-banner.png",""
"https://nmgtechnologies.com/blog","https://nmgtechnologies.com/hubfs/hero-banner.png",""
"https://nmgtechnologies.com/blog/author/nishtha","https://nmgtechnologies.com/hubfs/hero-banner.png",""
"https://nmgtechnologies.com/blog/tag/events","https://nmgtechnologies.com/hubfs/gitex-banner.jpg",""
"https://nmgtechnologies.com/blog","https://nmgtechnologies.com/hubfs/gitex-banner.jpg",""
"https://nmgtechnologies.com/blog/author/nishtha","https://nmgtechnologies.com/hubfs/gitex-banner.jpg",""
