"Address","Occurrences","Meta Description 1","Meta Description 1 Length","Meta Description 1 Pixel Width","Indexability","Indexability Status"
"https://nmgtechnologies.com/","1","NMG Technologies is a leading IT outsourcing company with over 15+ years of experience, 1000+ projects delivered, 500+Clients and a 100+ people team in-house. Get Started Today!","177","1156","Indexable",""
"https://nmgtechnologies.com/company/about-us","1","NMG Technologies is dedicated to building robust and scalable software, web and mobile solutions for businesses through an innovative approach, to provide you the best services.","177","1137","Indexable",""
"https://nmgtechnologies.com/solution/fintech/","1","We builds Fintech app & software solutions for businesses in need of powerful financial technologies to manage their accounts and payees, customers to manage credit scores.","172","1112","Indexable",""
"https://nmgtechnologies.com/ai-driven-enterprise-software-development","1","Accelerate innovation with enterprise AI solutions from a trusted AI development company. Customized AI software solutions empower enterprises to optimize operations and unlock new growth opportunities.","202","1322","Indexable",""
"https://nmgtechnologies.com/solution/artificial-intelligence/","1","We provide AI consulting services for artificial intelligence software development. Connect now with our AI app developer to enabling businesses to work smarter and faster.","172","1091","Indexable",""
"https://nmgtechnologies.com/ai-machine-learning-solutions","1","Transform your enterprise with AI and machine learning solutions. Expert services designed to integrate intelligent automation and data-driven insights for sustainable success.","176","1111","Indexable",""
"https://nmgtechnologies.com/solution/cloud-apps/","1","NMG has years of business experience to deliver the cloud app development services that drive your cloud application migration and help you achieve your goals.","159","1019","Indexable",""
"https://nmgtechnologies.com/get-custom-pricing","1","Learn about our processes and working culture, building a relationship with the team – right from the start. Fill out this form and we’ll get back to you to set up a time for your consultation!","193","1176","Indexable",""
"https://nmgtechnologies.com/services/dedicated-team-setups/","1","Hire a dedicated development team from NMG Technologies.. We provide cost-effective, experienced developers, designers, and QA engineers to meet your project needs.","164","1083","Indexable",""
"https://nmgtechnologies.com/industry/travel","1","NMG Technologies is a leading IT outsourcing company with over 12 years of experience, 1000+ projects delivered, 500+Clients and a 100+ people team in-house. Get Started Today!","176","1148","Indexable",""
"https://nmgtechnologies.com/ai-enhanced-web-mobile-application-development","1","Transform your business with AI app development services. We create advanced AI applications that drive automation, improve decision-making, and deliver personalized user experiences.","183","1193","Indexable",""
"https://nmgtechnologies.com/services/custom-software-development/php-development/","1","NMG provides a dedicated team of 60+ PHP developers that have experience in building more than 129+ successful web applications solving business challenges.","156","1026","Indexable",""
"https://nmgtechnologies.com/privacy-policy","1","NMG Technologies respects and realizes importance of protecting your privacy, and is committed to protecting your Privacy Rights to fullest possible extend.","156","990","Indexable",""
"https://nmgtechnologies.com/blog/working-from-home-during-the-coronavirus-lockdown","1","Discover how NMG is managing everything by setting the entire team for Work From Home during Coronavirus lockdown. Here are the best strategies and tools you need to know.","171","1128","Indexable",""
"https://nmgtechnologies.com/industry/marketresearch","1","NMG Technologies is a leading IT outsourcing company with over 12 years of experience, 1000+ projects delivered, 500+Clients and a 100+ people team in-house. Get Started Today!","176","1148","Indexable",""
"https://nmgtechnologies.com/agentic-ai","1","Discover top Agentic AI consulting services specializing in custom AI agent development, enterprise AI solutions, and seamless integration. Hire experts to transform your business with intelligent automation. Schedule a demo today!","231","1468","Indexable",""
"https://nmgtechnologies.com/services/custom-software-development/saas-development/","1","NMG offers long-term success partnerships for SaaS monetization strategy ensuring that the market goals are defined up front, targeting the service based on your goals and driving customer relationships with careful planning and execution","238","1520","Indexable",""
"https://nmgtechnologies.com/industry/healthcare","1","NMG Technologies is a leading IT outsourcing company with over 12 years of experience, 1000+ projects delivered, 500+Clients and a 100+ people team in-house. Get Started Today!","176","1148","Indexable",""
"https://nmgtechnologies.com/solution/blockchain","1","NMG is No.1 Blockchain Development company in USA.  Our blockchain Developers provide enterprise application development services . Hire Now! 40% Cost Savings.","159","1053","Indexable",""
"https://nmgtechnologies.com/ai-powered-saas-development","1","Create and launch AI-powered SaaS applications with our AI SaaS builder platform. Deliver innovative SaaS products and AI-driven software solutions that scale with your business needs.","184","1179","Indexable",""
"https://nmgtechnologies.com/ai-optimized-ecommerce-solutions","1","Transform your ecommerce business with AI-powered solutions. Enhance customer experience, automate processes, and increase sales through intelligent ecommerce optimization.","172","1154","Indexable",""
"https://nmgtechnologies.com/ai-driven-business-transformation-consulting","1","Transform your business with AI. Our consulting services help you innovate faster, optimize operations, and scale sustainably through AI‑driven transformation.","159","1007","Indexable",""
"https://nmgtechnologies.com/services/custom-software-development/","1","NMG Technologies is a custom software development company providing businesses worldwide with custom software solutions from industry specialized developers.","157","1055","Indexable",""
"https://nmgtechnologies.com/ai-driven-devops-cloud-automation","1","Accelerate software delivery with AI DevOps automation. Leverage AI-driven CI/CD pipelines, infrastructure automation, and cloud orchestration to enhance efficiency and innovation.","180","1153","Indexable",""
"https://nmgtechnologies.com/industry/staffing","1","NMG Technologies is a leading IT outsourcing company with over 12 years of experience, 1000+ projects delivered, 500+Clients and a 100+ people team in-house. Get Started Today!","176","1148","Indexable",""
"https://nmgtechnologies.com/ai-powered-business-process-transformation","1","Drive digital innovation with our AI powered service. We provide AI-driven business solutions designed to optimize performance, enhance efficiency, and accelerate growth.","170","1083","Indexable",""
"https://nmgtechnologies.com/services/mobile-application-development","1","NMG Technologies is the most trusted mobile app development company. We have expertise in building quality Android, iOS & IoT mobile apps. Get Started Today!","157","1030","Indexable",""
"https://nmgtechnologies.com/services/user-interface-design/","1","Hire our award-winning UI/UX Design agency! We create stunning user interfaces that are both visually appealing and highly functional. Get a Free Quote today!","158","1006","Indexable",""
"https://nmgtechnologies.com/company/promise/","1","NMG’s Part Artist – Part Scientist Development Approach bridges the gap between your business model and your customers, and builds goal oriented, personalized solutions.","169","1100","Indexable",""
"https://nmgtechnologies.com/company/outsourcing/","1","NMG’s Part Artist – Part Scientist is a systematic approach where we find effective ways to work as a collaborative team, helping us transform business processes into an actionable powerhouse.","192","1232","Indexable",""
"https://nmgtechnologies.com/solution/augmented-reality/","1","We develop advanced Augmented Reality applications for diverse business requirements. We offer brands with innovative AR solutions with advanced marketing techniques and campaigns.","180","1197","Indexable",""
"https://nmgtechnologies.com/download-content-editorial-calendar","1","Download Free Content Editorial Calendar eBook .90% of marketers now use an editorial calendar. It's easy-to-use to to take control of your content marketing.","158","1001","Indexable",""
"https://nmgtechnologies.com/resources/library/python-development-guide","1","Learn how Python development can benefit your company! This guide unlocks the power of Python for businesses, showing you how to automate tasks, streamline workflows, and gain a competitive edge.","195","1291","Indexable",""
"https://nmgtechnologies.com/mobile-development-checklist","1","Don't forget a step! Our mobile app development checklist ensures you cover everything from planning & design to development & testing. Launch with confidence!","159","1030","Indexable",""
"https://nmgtechnologies.com/blog/nmg-technologies-to-participate-in-leap-2023-tech-conference-in-riyadh-saudi-arabia","1","NMG Technologies, a custom software development company, will be participating in LEAP 2023, a tech conference focused on the future of technology. Visit them.","159","1038","Indexable",""
"https://nmgtechnologies.com/blog/sempo-hangouts-session-user-experience","1","Designing a great website user experience requires understanding the problems. Go through SEMPO Hangouts Session to know about the UX Design best practices.","156","1038","Indexable",""
"https://nmgtechnologies.com/blog/startup-india-event-2016-key-highlights","1","Early this year we witnessed a one-of-a-kind event in the startup universe conducted by the Government of India on 16th January. #StartUpIndia event was graced by the Prime Minister Mr. Narendra Modi himself. The hashtag sure created a lot of buzz.","248","1592","Indexable",""
"https://nmgtechnologies.com/success-stories/competiscan","1","NMG Technologies is a leading IT outsourcing company with over 12 years of experience, 1000+ projects delivered, 500+Clients and a 100+ people team in-house. Get Started Today!","176","1148","Indexable",""
"https://nmgtechnologies.com/blog/ui-ux-mobile-app-development","1","Learn the Role of UI and UX in Mobile App Development in 2022. An efficient UI/UX design fulfilling end-user needs helps to drive sales and earn loyal customers.","161","1014","Indexable",""
"https://nmgtechnologies.com/success-stories/compound-banc","1","NMG Technologies is a leading IT outsourcing company with over 12 years of experience, 1000+ projects delivered, 500+Clients and a 100+ people team in-house. Get Started Today!","176","1148","Indexable",""
"https://nmgtechnologies.com/success-stories/international-insurance","1","NMG Technologies is a leading IT outsourcing company with over 12 years of experience, 1000+ projects delivered, 500+Clients and a 100+ people team in-house. Get Started Today!","176","1148","Indexable",""
"https://nmgtechnologies.com/success-stories/wealth-concert","1","NMG Technologies is a leading IT outsourcing company with over 12 years of experience, 1000+ projects delivered, 500+Clients and a 100+ people team in-house. Get Started Today!","176","1148","Indexable",""
