"Address","Occurrences","Title 1","Title 1 Length","Title 1 Pixel Width","Indexability","Indexability Status"
"https://nmgtechnologies.com/","1","IT Outsource Software, Web & Mobile App Development Company - NMG","65","640","Indexable",""
"https://nmgtechnologies.com/solution/portals/","1","Web Portal Development Services - Ecommerce Portal Apps for Business","68","642","Indexable",""
"https://nmgtechnologies.com/company/about-us","1","About NMG Technologies - Software, Web & Mobile App Development Company","71","703","Indexable",""
"https://nmgtechnologies.com/resources/library/","1","Most Resourceful Content for Businesses to Get Started | NMG Technologies","73","678","Indexable",""
"https://nmgtechnologies.com/blog/nmg-technologies-to-participate-in-mobile-word-capital-barcelona-the-worlds-largest-and-most-influential-connectivity-event","1","NMG Technologies to Participate in Mobile Word Capital Barcelona – the world’s largest and most influential connectivity event","126","1121","Indexable",""
"https://nmgtechnologies.com/solution/fintech/","1","Fintech Apps & Software Development Services - Hire Fintech Developers","70","642","Indexable",""
"https://nmgtechnologies.com/ai-driven-enterprise-software-development","1","Enterprise AI Solutions | AI Software and Development Company","61","566","Indexable",""
"https://nmgtechnologies.com/solution/artificial-intelligence/","1","AI Software Development - #1 Artificial Intelligence Development Company","72","658","Indexable",""
"https://nmgtechnologies.com/solution/cloud-apps/","1","Cloud Application Development Services - Cloud App Migration Company","68","642","Indexable",""
"https://nmgtechnologies.com/industry/fintech","1","IT Outsource Software, Web & Mobile App Development Company - NMG","65","640","Indexable",""
"https://nmgtechnologies.com/services/mobile-application-development/android-app-development","1","Android App Development Company - Hire Android Developers | NMG Technologies","76","730","Indexable",""
"https://nmgtechnologies.com/get-custom-pricing","1","Get Custom Pricing & Quote for Development & Marketing Services | NMG Technologies","82","772","Indexable",""
"https://nmgtechnologies.com/industry/travel","1","IT Outsource Software, Web & Mobile App Development Company - NMG","65","640","Indexable",""
"https://nmgtechnologies.com/services/mobile-application-development/ios-app-development/","1","iPhone App Development Company - Hire iOS App Developers | NMG Technologies","75","725","Indexable",""
"https://nmgtechnologies.com/ai-enhanced-web-mobile-application-development","1","AI App Development Services | Custom Artificial Intelligence Applications","73","642","Indexable",""
"https://nmgtechnologies.com/services/custom-software-development/php-development/","1","PHP Development Services - Hire PHP Web Developers | NMG Technologies","69","666","Indexable",""
"https://nmgtechnologies.com/company/careers/","1","Careers - Job Opportunity for Web, Mobile, and Software Developers | NMG Technologies","85","781","Indexable",""
"https://nmgtechnologies.com/company/process/","1","Our Successful Design & Development Process | NMG Technologies","62","599","Indexable",""
"https://nmgtechnologies.com/blog/nmg-to-participate-in-the-largest-tech-expo-in-the-middle-east-gitex-global-2023-dubai","1","NMG to Participate in the Largest Tech Expo in the Middle East - GITEX Global 2023, Dubai","89","794","Indexable",""
"https://nmgtechnologies.com/blog/working-from-home-during-the-coronavirus-lockdown","1","How to Manage Work from home during the coronavirus lockdown | NMG","66","646","Indexable",""
"https://nmgtechnologies.com/services/it-consulting/","1","IT Consulting Services - Best IT Consultant Firm For Your Business","66","586","Indexable",""
"https://nmgtechnologies.com/industry/marketresearch","1","IT Outsource Software, Web & Mobile App Development Company - NMG","65","640","Indexable",""
"https://nmgtechnologies.com/agentic-ai","1","Agentic AI Consulting Services | Expert AI Development & Integration","68","602","Indexable",""
"https://nmgtechnologies.com/blog/nmg-technologies-participated-in-softwave-2023-the-republic-of-korea-software-exhibition","1","NMG Technologies Participated in Softwave 2023, The Republic of Korea Software Exhibition","89","819","Indexable",""
"https://nmgtechnologies.com/services/ecommerce-development/","1","Ecommerce Web Development Company  | Hire World's Best E-commerce Developer","75","733","Indexable",""
"https://nmgtechnologies.com/services/custom-software-development/saas-development/","1","SaaS App Development Services - Hire #1 SaaS Developers | NMG Technologies","74","703","Indexable",""
"https://nmgtechnologies.com/industry/healthcare","1","IT Outsource Software, Web & Mobile App Development Company - NMG","65","640","Indexable",""
"https://nmgtechnologies.com/solution/blockchain","1","Blockchain Software & App Development Services - Hire Blockchain Developers","75","698","Indexable",""
"https://nmgtechnologies.com/ai-optimized-ecommerce-solutions","1","AI-Powered Ecommerce | Advanced AI Solutions for Online Retail","62","570","Indexable",""
"https://nmgtechnologies.com/services/custom-software-development/","1","Best Custom Software Development Service Company - 2019 | NMG Technologies.","75","728","Indexable",""
"https://nmgtechnologies.com/industry/staffing","1","IT Outsource Software, Web & Mobile App Development Company - NMG","65","640","Indexable",""
"https://nmgtechnologies.com/ai-powered-business-process-transformation","1","AI Powered Service | Innovative AI-Driven Solutions for Business","64","563","Indexable",""
"https://nmgtechnologies.com/services/mobile-application-development","1","#1 Mobile App Development Services - Hire  App Developers | NMG Technologies","76","706","Indexable",""
"https://nmgtechnologies.com/services/user-interface-design/","1","User Interface (UI) Design Services - Hire Experienced UI/UX Designers","70","619","Indexable",""
"https://nmgtechnologies.com/company/promise/","1","Our Promise: Understand, Build & Measure Client Efficient Solutions | NMG","73","657","Indexable",""
"https://nmgtechnologies.com/services/mobile-application-development/tablet-app-development/","1","Tablet App Development Services - Hire Tablet App Developers | NMG Technologies","79","734","Indexable",""
"https://nmgtechnologies.com/services/user-interface-design/mobile-design/","1","Mobile App Design Services - Hire Mobile App Designers Company","62","583","Indexable",""
"https://nmgtechnologies.com/company/outsourcing/","1","Outsourcing Company - Best Outsource Software & Web Development Services | NMG Technologies","91","879","Indexable",""
"https://nmgtechnologies.com/success-stories","1","Case Studies - Successful Case Studies of Client | NMG Technologies","67","613","Indexable",""
"https://nmgtechnologies.com/solution/augmented-reality/","1","Augmented Reality Apps Development Services - IT Staff Augmentation Developers","78","731","Indexable",""
"https://nmgtechnologies.com/services/custom-software-development/aspnet-development/","1","Asp.Net Development Services - Hire Asp.Net Web Developers | NMG Technologies","77","729","Indexable",""
"https://nmgtechnologies.com/download-content-editorial-calendar","1","Download Free Content Editorial Calendar Template | NMG Technologies","68","640","Indexable",""
"https://nmgtechnologies.com/download-developmental-checklist","1","Download Web Development Checklist [Updated 2019] | NMG Technologies","68","664","Indexable",""
"https://nmgtechnologies.com/download-appdevelopmentcost-ebook","1","Download App Development Cost Ebook for 2019 with Example | NMG Technologies","76","742","Indexable",""
"https://nmgtechnologies.com/blog/wordpress-website-perfect-solution-small-business","1","Why WordPress Website Is The Perfect Solution For Your Small Business","69","642","Indexable",""
"https://nmgtechnologies.com/blog/top-wordpress-themes","1","Top 15 WordPress Theme for Your Business in 2019 | NMG Technologies","67","646","Indexable",""
"https://nmgtechnologies.com/resources/library/hire-web-developers-guide","1","The Ultimate Guide to Hire Web Developers in 2023 [Updated] | NMG","65","599","Indexable",""
"https://nmgtechnologies.com/work/ecommerce/","1","Ecommerce Website Design & Development Portfolio | NMG Technologies","67","650","Indexable",""
"https://nmgtechnologies.com/blog/nmg-to-participate-in-the-largest-tech-expo-in-the-middle-east-gitex-global-2022-dubai","1","NMG to Participate in the Largest Tech Expo in the Middle East - GITEX Global 2022, Dubai","89","794","Indexable",""
"https://nmgtechnologies.com/blog/nmg-technologies-to-participate-in-retail-innovation-conference-and-expo-2023-in-chicago","1","NMG Technologies to Participate in Retail Innovation Conference and Expo 2023 in Chicago","88","807","Indexable",""
"https://nmgtechnologies.com/blog/nmg-technologies-to-sponsor-and-exhibit-at-brighton-seo-2023-and-online-pr-show-2023","1","NMG Technologies to Sponsor and Exhibit at Brighton SEO 2023 and Online PR Show 2023","84","799","Indexable",""
"https://nmgtechnologies.com/blog/nmg-technologies-to-participate-in-leap-2023-tech-conference-in-riyadh-saudi-arabia","1","NMG Technologies to Participate in LEAP 2023 Tech Conference in Riyadh, Saudi Arabia","84","778","Indexable",""
"https://nmgtechnologies.com/blog/sempo-hangouts-session-user-experience","1","15 Best Things About Web Design & User Experience in 2019 | NMG","63","594","Indexable",""
"https://nmgtechnologies.com/blog/advantages-of-asp-net-core","1",".NET Core: 20 Advantages of Building Your Software in ASP.NET Core |","68","623","Indexable",""
"https://nmgtechnologies.com/blog/nmg-technologies-made-list-top-mobile-app-development-companies-goodfirms","1","NMG Made It on the List of Top Mobile App Development Companies at GoodFirms","76","733","Indexable",""
"https://nmgtechnologies.com/blog/best-practices-offshore-software-development","1","Best Practices of Offshore Software Development Company (2022)","62","593","Indexable",""
"https://nmgtechnologies.com/success-stories/competiscan","1","IT Outsource Software, Web & Mobile App Development Company - NMG","65","640","Indexable",""
"https://nmgtechnologies.com/blog/ui-ux-mobile-app-development","1","Importance of UI & UX in mobile app development in 2022 | NMG","61","570","Indexable",""
"https://nmgtechnologies.com/clients/case-studies/","1","Case Studies - Successful Case Studies of Client | NMG Technologies","67","613","Indexable",""
"https://nmgtechnologies.com/success-stories/compound-banc","1","IT Outsource Software, Web & Mobile App Development Company - NMG","65","640","Indexable",""
"https://nmgtechnologies.com/success-stories/international-insurance","1","IT Outsource Software, Web & Mobile App Development Company - NMG","65","640","Indexable",""
"https://nmgtechnologies.com/success-stories/wealth-concert","1","IT Outsource Software, Web & Mobile App Development Company - NMG","65","640","Indexable",""
