url,old,new
https://nmgtechnologies.com/,"IT Outsource Software, Web & Mobile App Development Company - NMG","AI Software, Web & Mobile App Development Company | NMG"
https://nmgtechnologies.com/clients/case-studies/,Case Studies - Successful Case Studies of Client | NMG Technologies,Client Success Stories & Case Studies | NMG Technologies
https://nmgtechnologies.com/industry/fintech,"IT Outsource Software, Web & Mobile App Development Company - NMG",Fintech Software & App Development Services | NMG
https://nmgtechnologies.com/industry/healthcare,"IT Outsource Software, Web & Mobile App Development Company - NMG",Healthcare Software & App Development Services | NMG
https://nmgtechnologies.com/industry/marketresearch,"IT Outsource Software, Web & Mobile App Development Company - NMG","IT Outsource Software, Web & Mobile App Development Company - NMG"
https://nmgtechnologies.com/industry/staffing,"IT Outsource Software, Web & Mobile App Development Company - NMG",IT Staffing & Software Development Services | NMG
https://nmgtechnologies.com/industry/travel,"IT Outsource Software, Web & Mobile App Development Company - NMG","IT Outsource Software, Web & Mobile App Development Company - NMG"
https://nmgtechnologies.com/success-stories,Case Studies - Successful Case Studies of Client | NMG Technologies,Client Success Stories & Case Studies | NMG Technologies
https://nmgtechnologies.com/success-stories/competiscan,"IT Outsource Software, Web & Mobile App Development Company - NMG",Competiscan Case Study: Market Intelligence Success | NMG
https://nmgtechnologies.com/success-stories/compound-banc,"IT Outsource Software, Web & Mobile App Development Company - NMG",Compound Banc Case Study: Custom Software & App Development
https://nmgtechnologies.com/success-stories/international-insurance,"IT Outsource Software, Web & Mobile App Development Company - NMG",International Insurance Case Study | NMG Technologies
https://nmgtechnologies.com/success-stories/wealth-concert,"IT Outsource Software, Web & Mobile App Development Company - NMG",Wealth Concert Case Study: Custom Software Development | NMG
https://nmgtechnologies.com/,"IT Outsource Software, Web & Mobile App Development Company - NMG","AI Software, Web & Mobile App Development Company | NMG"
https://nmgtechnologies.com/agentic-ai,Agentic AI Consulting Services | Expert AI Development & Integration,Agentic AI Services: From Automation to Autonomy
https://nmgtechnologies.com/ai-driven-enterprise-software-development,Enterprise AI Solutions | AI Software and Development Company,AI-Driven Enterprise Software Development Services
https://nmgtechnologies.com/ai-enhanced-web-mobile-application-development,AI App Development Services | Custom Artificial Intelligence Applications,AI Web & Mobile App Development Services | NMG Technologies
https://nmgtechnologies.com/ai-optimized-ecommerce-solutions,AI-Powered Ecommerce | Advanced AI Solutions for Online Retail,AI-Powered eCommerce Solutions | Scale Your Online Retail
https://nmgtechnologies.com/ai-powered-business-process-transformation,AI Powered Service | Innovative AI-Driven Solutions for Business,AI-Powered Business Process Transformation | NMG Tech
https://nmgtechnologies.com/blog/advantages-of-asp-net-core,.NET Core: 20 Advantages of Building Your Software in ASP.NET Core |,20 Key Advantages of Building Software with ASP.NET Core
https://nmgtechnologies.com/blog/best-practices-offshore-software-development,Best Practices of Offshore Software Development Company (2022),Offshore Software Development: Best Practices for 2024
https://nmgtechnologies.com/blog/how-to-build-an-app-like-uber,How To Build an App like Uber - Mobile App Development | NMG,How to Build an App Like Uber: Cost & Development Guide
https://nmgtechnologies.com/blog/nmg-technologies-made-list-top-mobile-app-development-companies-goodfirms,NMG Made It on the List of Top Mobile App Development Companies at GoodFirms,NMG Technologies Named Top Mobile App Developer by GoodFirms
https://nmgtechnologies.com/blog/nmg-technologies-participated-in-softwave-2023-the-republic-of-korea-software-exhibition,"NMG Technologies Participated in Softwave 2023, The Republic of Korea Software Exhibition",NMG Technologies at Softwave 2023: Korea Software Exhibition
https://nmgtechnologies.com/blog/nmg-technologies-to-participate-in-leap-2023-tech-conference-in-riyadh-saudi-arabia,"NMG Technologies to Participate in LEAP 2023 Tech Conference in Riyadh, Saudi Arabia",NMG Technologies Joins LEAP 2023 Tech Conference in Riyadh
https://nmgtechnologies.com/blog/nmg-technologies-to-participate-in-mobile-word-capital-barcelona-the-worlds-largest-and-most-influential-connectivity-event,NMG Technologies to Participate in Mobile Word Capital Barcelona – the world’s largest and most influential connectivity event,NMG Technologies Joins MWC Barcelona: Connectivity Event
https://nmgtechnologies.com/blog/nmg-technologies-to-participate-in-retail-innovation-conference-and-expo-2023-in-chicago,NMG Technologies to Participate in Retail Innovation Conference and Expo 2023 in Chicago,NMG Technologies at Retail Innovation Conference 2023
https://nmgtechnologies.com/blog/nmg-technologies-to-sponsor-and-exhibit-at-brighton-seo-2023-and-online-pr-show-2023,NMG Technologies to Sponsor and Exhibit at Brighton SEO 2023 and Online PR Show 2023,NMG Technologies at Brighton SEO & Online PR Show 2023
https://nmgtechnologies.com/blog/nmg-to-participate-in-the-largest-tech-expo-in-the-middle-east-gitex-global-2022-dubai,"NMG to Participate in the Largest Tech Expo in the Middle East - GITEX Global 2022, Dubai",NMG at GITEX Global 2022: Middle East's Largest Tech Expo
https://nmgtechnologies.com/blog/nmg-to-participate-in-the-largest-tech-expo-in-the-middle-east-gitex-global-2023-dubai,"NMG to Participate in the Largest Tech Expo in the Middle East - GITEX Global 2023, Dubai",NMG at GITEX Global 2023: Middle East's Largest Tech Expo
https://nmgtechnologies.com/blog/sempo-hangouts-session-user-experience,15 Best Things About Web Design & User Experience in 2019 | NMG,Web Design & UX Insights: SEMPO Hangouts Session | NMG
https://nmgtechnologies.com/blog/top-wordpress-themes,Top 15 WordPress Theme for Your Business in 2019 | NMG Technologies,15 Best WordPress Themes for Your Business in 2024
https://nmgtechnologies.com/blog/ui-ux-mobile-app-development,Importance of UI & UX in mobile app development in 2022 | NMG,UI/UX in Mobile App Development: Why It Matters | NMG
https://nmgtechnologies.com/blog/wordpress-website-perfect-solution-small-business,Why WordPress Website Is The Perfect Solution For Your Small Business,Why WordPress Is the Perfect Choice for Your Small Business
https://nmgtechnologies.com/blog/working-from-home-during-the-coronavirus-lockdown,How to Manage Work from home during the coronavirus lockdown | NMG,Remote Work Strategies During Lockdown | NMG Technologies
https://nmgtechnologies.com/clients/case-studies/,Case Studies - Successful Case Studies of Client | NMG Technologies,Client Success Stories & Case Studies | NMG Technologies
https://nmgtechnologies.com/company/about-us,"About NMG Technologies - Software, Web & Mobile App Development Company",NMG Technologies | Global Software & App Development Partner
https://nmgtechnologies.com/company/careers/,"Careers - Job Opportunity for Web, Mobile, and Software Developers | NMG Technologies","Tech Careers: Web, Mobile & Software Jobs | NMG Technologies"
https://nmgtechnologies.com/company/outsourcing/,Outsourcing Company - Best Outsource Software & Web Development Services | NMG Technologies,Software & Web Development Outsourcing | NMG Technologies
https://nmgtechnologies.com/company/process/,Our Successful Design & Development Process | NMG Technologies,Expert Design & Development Process | NMG Technologies
https://nmgtechnologies.com/company/promise/,"Our Promise: Understand, Build & Measure Client Efficient Solutions | NMG",NMG Promise: On-Time & On-Budget Software Solutions
https://nmgtechnologies.com/download-appdevelopmentcost-ebook,Download App Development Cost Ebook for 2019 with Example | NMG Technologies,App Development Cost Guide: 2024 Ebook | NMG Technologies
https://nmgtechnologies.com/download-content-editorial-calendar,Download Free Content Editorial Calendar Template | NMG Technologies,Free Content Editorial Calendar Template | NMG Technologies
https://nmgtechnologies.com/download-developmental-checklist,Download Web Development Checklist [Updated 2019] | NMG Technologies,App Development Checklist: Free Download | NMG Technologies
https://nmgtechnologies.com/get-custom-pricing,Get Custom Pricing & Quote for Development & Marketing Services | NMG Technologies,Custom Development & Marketing Quotes | NMG Technologies
https://nmgtechnologies.com/industry/fintech,"IT Outsource Software, Web & Mobile App Development Company - NMG","IT Outsource Software, Web & Mobile App Development Company - NMG"
https://nmgtechnologies.com/industry/healthcare,"IT Outsource Software, Web & Mobile App Development Company - NMG",Healthcare Software & App Development Services | NMG
https://nmgtechnologies.com/industry/marketresearch,"IT Outsource Software, Web & Mobile App Development Company - NMG","IT Outsource Software, Web & Mobile App Development Company - NMG"
https://nmgtechnologies.com/industry/staffing,"IT Outsource Software, Web & Mobile App Development Company - NMG",IT Staffing & Software Development Services | NMG
https://nmgtechnologies.com/industry/travel,"IT Outsource Software, Web & Mobile App Development Company - NMG","IT Outsource Software, Web & Mobile App Development Company - NMG"
https://nmgtechnologies.com/resources/library/,Most Resourceful Content for Businesses to Get Started | NMG Technologies,Business Resource Library | NMG Technologies
https://nmgtechnologies.com/resources/library/hire-web-developers-guide,The Ultimate Guide to Hire Web Developers in 2023 [Updated] | NMG,How to Hire Web Developers: 2025 Hiring Guide | NMG
https://nmgtechnologies.com/services/custom-software-development/,Best Custom Software Development Service Company - 2019 | NMG Technologies.,Custom Software Development Services | NMG Technologies
https://nmgtechnologies.com/services/custom-software-development/aspnet-development/,Asp.Net Development Services - Hire Asp.Net Web Developers | NMG Technologies,Expert ASP.NET Development Services | NMG Technologies
https://nmgtechnologies.com/services/custom-software-development/php-development/,PHP Development Services - Hire PHP Web Developers | NMG Technologies,Expert PHP Development Services | Hire PHP Developers | NMG
https://nmgtechnologies.com/services/custom-software-development/saas-development/,SaaS App Development Services - Hire #1 SaaS Developers | NMG Technologies,Expert SaaS App Development Services | NMG Technologies
https://nmgtechnologies.com/services/ecommerce-development/,Ecommerce Web Development Company  | Hire World's Best E-commerce Developer,Expert eCommerce Development Services | Boost Your Sales
https://nmgtechnologies.com/services/it-consulting/,IT Consulting Services - Best IT Consultant Firm For Your Business,Expert IT Consulting Services for Business Growth
https://nmgtechnologies.com/services/mobile-application-development,#1 Mobile App Development Services - Hire  App Developers | NMG Technologies,Expert Mobile App Development Services | NMG Technologies
https://nmgtechnologies.com/services/mobile-application-development/android-app-development,Android App Development Company - Hire Android Developers | NMG Technologies,Android App Development Company | Hire Expert Developers
https://nmgtechnologies.com/services/mobile-application-development/ios-app-development/,iPhone App Development Company - Hire iOS App Developers | NMG Technologies,iOS App Development Company | Hire Expert iOS Developers
https://nmgtechnologies.com/services/mobile-application-development/tablet-app-development/,Tablet App Development Services - Hire Tablet App Developers | NMG Technologies,Expert Tablet App Development Services | NMG Technologies
https://nmgtechnologies.com/services/user-interface-design/,User Interface (UI) Design Services - Hire Experienced UI/UX Designers,Expert UI Design Services | Hire Top UI/UX Designers
https://nmgtechnologies.com/services/user-interface-design/mobile-design/,Mobile App Design Services - Hire Mobile App Designers Company,Expert Mobile App Design Services | Hire Top App Designers
https://nmgtechnologies.com/solution/artificial-intelligence/,AI Software Development - #1 Artificial Intelligence Development Company,AI Development Services | Expert AI Software Solutions
https://nmgtechnologies.com/solution/augmented-reality/,Augmented Reality Apps Development Services - IT Staff Augmentation Developers,Augmented Reality App Development & Staff Augmentation
https://nmgtechnologies.com/solution/blockchain,Blockchain Software & App Development Services - Hire Blockchain Developers,Blockchain Development Services | Hire Expert Developers
https://nmgtechnologies.com/solution/cloud-apps/,Cloud Application Development Services - Cloud App Migration Company,Expert Cloud Application Development & Migration Services
https://nmgtechnologies.com/solution/fintech/,Fintech Apps & Software Development Services - Hire Fintech Developers,Fintech Software Development Services | Hire Fintech Experts
https://nmgtechnologies.com/solution/portals/,Web Portal Development Services - Ecommerce Portal Apps for Business,Custom Web Portal Development Services for Business
https://nmgtechnologies.com/success-stories,Case Studies - Successful Case Studies of Client | NMG Technologies,Client Success Stories & Case Studies | NMG Technologies
https://nmgtechnologies.com/success-stories/competiscan,"IT Outsource Software, Web & Mobile App Development Company - NMG",Competiscan Case Study: Market Intelligence Success | NMG
https://nmgtechnologies.com/success-stories/compound-banc,"IT Outsource Software, Web & Mobile App Development Company - NMG",Compound Banc Case Study: Custom Software & App Development
https://nmgtechnologies.com/success-stories/international-insurance,"IT Outsource Software, Web & Mobile App Development Company - NMG",International Insurance Case Study | NMG Technologies
https://nmgtechnologies.com/success-stories/wealth-concert,"IT Outsource Software, Web & Mobile App Development Company - NMG",Wealth Concert Case Study | App Development by NMG
https://nmgtechnologies.com/work/ecommerce/,Ecommerce Website Design & Development Portfolio | NMG Technologies,B2B Ecommerce Design & Development Portfolio | NMG Tech
